{"name":"QR Pro","short_name":"QRPro","description":"AI-powered QR generator — Studio + 3D","start_url":"/","display":"standalone","background_color":"#ffffff","theme_color":"#0d6efd","lang":"en","scope":"/","orientation":"portrait","icons":[{"src":"/icon-192.png","sizes":"192x192","type":"image/png"},{"src":"/icon-512.png","sizes":"512x512","type":"image/png"},{"src":"/maskable-icon-512.png","sizes":"512x512","type":"image/png","purpose":"maskable any"}],"shortcuts":[{"name":"Create QR","short_name":"Create","description":"Open generator","url":"/?shortcut=create","icons":[{"src":"/icon-192.png","sizes":"192x192","type":"image/png"}]},{"name":"Open 3D","short_name":"3D","description":"Open the 3D Cube","url":"/cube.html","icons":[{"src":"/icon-192.png","sizes":"192x192","type":"image/png"}]}]}